,look_back,hidden_nodes,output_nodes,epochs,batch_size,future_steps,MSE,MAE,RMSE,1,2,3,4,5,6,7,8,9,10,11,12,13,14,15,16,17,18,19,20,21,22,23,24,25,26,27,28,29,30,31,32,33,34,35,36,37,38,39,40,41,42,43,44,45,46,47,48,49,50,51,52,53,54,55,56,57,58,59,60
0,1,3,1,500,20,60,32312.866,142.607,179.758,59.47008907100558,90.63561629864573,106.96801660689711,115.52708561968802,120.01250405046343,122.36311534121631,123.59494361194967,124.24048476192354,124.57878365841508,124.7560808262527,124.84897180339694,124.89767215302587,124.92318462735415,124.93656269475817,124.94357136082648,124.94724422729014,124.94916202148795,124.95017322206496,124.95070787984132,124.95098683172463,124.9511263076663,124.95119604563712,124.95123091462254,124.95125416061282,124.95126578360795,124.9512774066031,124.9512774066031,124.9512774066031,124.9512774066031,124.9512774066031,124.9512774066031,124.9512774066031,124.9512774066031,124.9512774066031,124.9512774066031,124.9512774066031,124.9512774066031,124.9512774066031,124.9512774066031,124.9512774066031,124.9512774066031,124.9512774066031,124.9512774066031,124.9512774066031,124.9512774066031,124.9512774066031,124.9512774066031,124.9512774066031,124.9512774066031,124.9512774066031,124.9512774066031,124.9512774066031,124.9512774066031,124.9512774066031,124.9512774066031,124.9512774066031,124.9512774066031,124.9512774066031,124.9512774066031,124.9512774066031
1,1,4,1,500,20,60,32292.619,143.306,179.701,59.6552259490639,91.3095989177227,108.10611704483628,117.01872270074486,121.74793345454334,124.25736135086417,125.58892654287814,126.29547679433226,126.67038812550902,126.86931568729877,126.97488735213875,127.03089856570959,127.06061856427789,127.07639096868037,127.08474790218472,127.0891878863275,127.09153573134542,127.09280263781547,127.09345352554321,127.09381383839249,127.0939998063147,127.09409279027581,127.09416252824664,127.0941857742369,127.09419739723205,127.09420902022718,127.09422064322233,127.09423226621746,127.09423226621746,127.09423226621746,127.09423226621746,127.09423226621746,127.09423226621746,127.09423226621746,127.09423226621746,127.09423226621746,127.09423226621746,127.09423226621746,127.09423226621746,127.09423226621746,127.09423226621746,127.09423226621746,127.09423226621746,127.09423226621746,127.09423226621746,127.09423226621746,127.09423226621746,127.09423226621746,127.09423226621746,127.09423226621746,127.09423226621746,127.09423226621746,127.09423226621746,127.09423226621746,127.09423226621746,127.09423226621746,127.09423226621746,127.09423226621746,127.09423226621746,127.09423226621746
2,1,5,1,500,20,60,32430.222,139.926,180.084,55.717796870067716,84.96938873429596,100.32634661006927,108.3886836796403,112.62137170413136,114.84350240662694,116.01012567463516,116.62258778044581,116.9441263179481,117.11295032233,117.20157566025853,117.24810250979661,117.2725224225819,117.28535420921445,117.29208392339945,117.29561731392144,117.29746537014842,117.29843007874489,117.29894149053096,117.29922044241428,117.29935991835593,117.29942965632677,117.29946452531217,117.2994993942976,117.29951101729273,117.29952264028788,117.29952264028788,117.29952264028788,117.29952264028788,117.29952264028788,117.29952264028788,117.29952264028788,117.29952264028788,117.29952264028788,117.29952264028788,117.29952264028788,117.29952264028788,117.29952264028788,117.29952264028788,117.29952264028788,117.29952264028788,117.29952264028788,117.29952264028788,117.29952264028788,117.29952264028788,117.29952264028788,117.29952264028788,117.29952264028788,117.29952264028788,117.29952264028788,117.29952264028788,117.29952264028788,117.29952264028788,117.29952264028788,117.29952264028788,117.29952264028788,117.29952264028788,117.29952264028788,117.29952264028788,117.29952264028788
3,1,6,1,500,20,60,32880.151,135.93,181.329,50.948138093188405,77.1055084952116,90.53500765272975,97.42987297564744,100.969772374928,102.78720200970768,103.72029605939984,104.19936105000973,104.4453152501285,104.57157584631443,104.63640891319513,104.66969717127084,104.68679459711909,104.6955699584484,104.70006805756688,104.70236941060423,104.70355495610832,104.70415935185551,104.70447317272425,104.70464751765131,104.70472887861729,104.70477537059783,104.7047986165881,104.70481023958325,104.70482186257838,104.70481023958325,104.70482186257838,104.70481023958325,104.70482186257838,104.70481023958325,104.70482186257838,104.70481023958325,104.70482186257838,104.70481023958325,104.70482186257838,104.70481023958325,104.70482186257838,104.70481023958325,104.70482186257838,104.70481023958325,104.70482186257838,104.70481023958325,104.70482186257838,104.70481023958325,104.70482186257838,104.70481023958325,104.70482186257838,104.70481023958325,104.70482186257838,104.70481023958325,104.70482186257838,104.70481023958325,104.70482186257838,104.70481023958325,104.70482186257838,104.70481023958325,104.70482186257838,104.70481023958325,104.70482186257838,104.70481023958325
4,2,3,1,500,20,60,32663.869,139.345,180.731,59.937798395365476,97.42349195131659,111.30224311691522,114.31298241654038,114.16659079277515,113.66097888126968,113.38167830809951,113.28647435492276,113.26890038627386,113.27173639708757,113.27586256036162,113.27790820750593,113.27854747223853,113.27865207919479,113.27861721020936,113.27858234122395,113.27855909523367,113.27855909523367,113.27855909523367,113.27855909523367,113.27855909523367,113.27855909523367,113.27855909523367,113.27855909523367,113.27855909523367,113.27855909523367,113.27855909523367,113.27855909523367,113.27855909523367,113.27855909523367,113.27855909523367,113.27855909523367,113.27855909523367,113.27855909523367,113.27855909523367,113.27855909523367,113.27855909523367,113.27855909523367,113.27855909523367,113.27855909523367,113.27855909523367,113.27855909523367,113.27855909523367,113.27855909523367,113.27855909523367,113.27855909523367,113.27855909523367,113.27855909523367,113.27855909523367,113.27855909523367,113.27855909523367,113.27855909523367,113.27855909523367,113.27855909523367,113.27855909523367,113.27855909523367,113.27855909523367,113.27855909523367,113.27855909523367,113.27855909523367
5,2,4,1,500,20,60,32619.441,139.893,180.609,60.41574176694453,98.64295335522294,112.9403996746838,116.05817513653635,115.88770066684484,115.34078063061833,115.0372577355802,114.9333249130547,114.91430969300866,114.91773847657441,114.92250390458106,114.92487499558925,114.92561886727809,114.92572347423433,114.92568860524892,114.92564211326837,114.92561886727809,114.92561886727809,114.92561886727809,114.92561886727809,114.92561886727809,114.92561886727809,114.92561886727809,114.92561886727809,114.92561886727809,114.92561886727809,114.92561886727809,114.92561886727809,114.92561886727809,114.92561886727809,114.92561886727809,114.92561886727809,114.92561886727809,114.92561886727809,114.92561886727809,114.92561886727809,114.92561886727809,114.92561886727809,114.92561886727809,114.92561886727809,114.92561886727809,114.92561886727809,114.92561886727809,114.92561886727809,114.92561886727809,114.92561886727809,114.92561886727809,114.92561886727809,114.92561886727809,114.92561886727809,114.92561886727809,114.92561886727809,114.92561886727809,114.92561886727809,114.92561886727809,114.92561886727809,114.92561886727809,114.92561886727809,114.92561886727809,114.92561886727809
6,2,5,1,500,20,60,32576.634,140.435,180.49,61.29720066073536,99.50278766655921,113.8784683662951,117.24877664351463,117.30928595620394,116.89129980504512,116.63557066601514,116.54037833583354,116.51843412101269,116.51824815309047,116.52109578689932,116.52281599017977,116.5234320089221,116.5235831078589,116.5235831078589,116.52357148486375,116.52354823887347,116.5235249928832,116.52353661587834,116.52353661587834,116.52353661587834,116.52353661587834,116.52353661587834,116.52353661587834,116.52353661587834,116.52353661587834,116.52353661587834,116.52353661587834,116.52353661587834,116.52353661587834,116.52353661587834,116.52353661587834,116.52353661587834,116.52353661587834,116.52353661587834,116.52353661587834,116.52353661587834,116.52353661587834,116.52353661587834,116.52353661587834,116.52353661587834,116.52353661587834,116.52353661587834,116.52353661587834,116.52353661587834,116.52353661587834,116.52353661587834,116.52353661587834,116.52353661587834,116.52353661587834,116.52353661587834,116.52353661587834,116.52353661587834,116.52353661587834,116.52353661587834,116.52353661587834,116.52353661587834,116.52353661587834,116.52353661587834,116.52353661587834
7,2,6,1,500,20,60,32466.856,142.97,180.186,64.86371671888232,105.17561128064989,120.49872880607843,124.25416502720117,124.45519635111093,124.0780417818725,123.82790330350399,123.72949140366912,123.70419976624846,123.70221223407984,123.70438573417067,123.70594321551918,123.70657085725665,123.70673357918858,123.70674520218371,123.70673357918858,123.70672195619345,123.70672195619345,123.70672195619345,123.70672195619345,123.70672195619345,123.70672195619345,123.70672195619345,123.70672195619345,123.70672195619345,123.70672195619345,123.70672195619345,123.70672195619345,123.70672195619345,123.70672195619345,123.70672195619345,123.70672195619345,123.70672195619345,123.70672195619345,123.70672195619345,123.70672195619345,123.70672195619345,123.70672195619345,123.70672195619345,123.70672195619345,123.70672195619345,123.70672195619345,123.70672195619345,123.70672195619345,123.70672195619345,123.70672195619345,123.70672195619345,123.70672195619345,123.70672195619345,123.70672195619345,123.70672195619345,123.70672195619345,123.70672195619345,123.70672195619345,123.70672195619345,123.70672195619345,123.70672195619345,123.70672195619345,123.70672195619345,123.70672195619345
8,3,3,1,500,20,60,32854.67,142.016,181.259,51.63182591320574,104.66001521632074,138.02458987811207,144.8845048546493,136.41979131639002,123.84396628278493,115.12024592086672,112.14876909881829,113.39614893704652,116.13599108898639,118.38120505982637,119.36276699924468,119.28046457067131,118.71054262706637,118.15883391684294,117.86535328960419,117.83187906360625,117.94149553075432,118.07201014316081,118.15377791395782,118.17454820626973,118.15590492206812,118.1263011534512,118.10469400548935,118.09676712280512,118.09918470579385,118.10558897611499,118.11106340682505,118.11360884276031,118.11355072778463,118.11224895232915,118.1109239308834,118.11018005919456,118.11006382924317,118.11029628914594,118.11059848701953,118.11080770093201,118.11086581590772,118.11083094692229,118.11078445494175,118.11071471697092,118.11069147098064,118.11069147098064,118.11070309397577,118.11072633996605,118.1107379629612,118.1107379629612,118.11071471697092,118.11071471697092,118.11071471697092,118.11071471697092,118.11071471697092,118.11071471697092,118.11071471697092,118.11071471697092,118.11071471697092,118.11071471697092,118.11071471697092,118.11071471697092,118.11071471697092
9,3,4,1,500,20,60,32877.041,141.757,181.32,51.573350624665615,104.47806885042786,137.4999743695557,143.97746956005693,135.23240937906502,122.58956615549326,113.97096416160464,111.17634283357859,112.5659300173223,115.36404986688494,117.59014401072263,118.5154157846868,118.38020548224449,117.78315546798706,117.2311329368949,116.95268084236979,116.9360250903368,117.05588141620159,117.18839518377185,117.26674579399824,117.28270416632294,117.26063209855556,117.22990089941024,117.20890977019071,117.20227303996681,117.20573669251799,117.21260588264465,117.2180105753839,117.22024219045042,117.21989350059629,117.21842900320887,117.21708073577284,117.21641822504996,117.21638335606455,117.216673930943,117.21698775181174,117.21717371973395,117.21720858871936,117.2171620967388,117.21709235876799,117.21704586678743,117.21703424379228,117.21703424379228,117.21705748978256,117.21705748978256,117.21705748978256,117.21705748978256,117.21705748978256,117.21705748978256,117.21705748978256,117.21705748978256,117.21705748978256,117.21705748978256,117.21705748978256,117.21705748978256,117.21705748978256,117.21705748978256,117.21705748978256,117.21705748978256,117.21705748978256
10,3,5,1,500,20,60,32804.235,143.251,181.119,53.70893069386482,107.64360319930314,141.6688753967285,148.71396793180705,140.37286494684218,127.8104760956168,119.03907820764184,115.95212692889571,117.0745828153789,119.72543931654096,121.94412961247563,122.95097156631947,122.91685807558893,122.38856970056891,121.85665495106578,121.56136113658548,121.51420664530993,121.60934086051583,121.73127770251035,121.81154610693454,121.83548947691916,121.82118156990408,121.79459978002309,121.77398058664798,121.76550742319226,121.76678595265746,121.77223713737726,121.77726989427208,121.77983857619762,121.78005941310525,121.77903658953309,121.77786266702412,121.77713041833043,121.77696769639849,121.77713041833043,121.77740937021375,121.77759533813595,121.77766507610679,121.77765345311164,121.77759533813595,121.7775488461554,121.77751397716999,121.77751397716999,121.77752560016512,121.77753722316027,121.77756046915054,121.77756046915054,121.7775488461554,121.77753722316027,121.77752560016512,121.77751397716999,121.77752560016512,121.77753722316027,121.77756046915054,121.77756046915054,121.7775488461554,121.77753722316027,121.77752560016512,121.77751397716999,121.77752560016512
11,3,6,1,500,20,60,32798.053,143.568,181.102,53.85578723743558,108.16558028796315,142.61338322764635,149.9442735901773,141.65804276525975,128.9693816948533,120.00755265453458,116.77420975202321,117.84168887150287,120.51675607153773,122.79544426837563,123.85643775656818,123.84909202364086,123.32029223683476,122.77277942785621,122.46045792549847,122.40306357550621,122.49622188153863,122.62152939212322,122.70660971653462,122.73395862409473,122.72080139359831,122.69367332294583,122.67181046909093,122.66229123607278,122.66308159974217,122.66856765344738,122.67391423121094,122.67679673400521,122.67718029284477,122.67616909226774,122.67492543178797,122.6741466911137,122.67392585420608,122.67407695314287,122.67434428203106,122.67455349594354,122.6746348569095,122.67461161091923,122.67455349594354,122.67449538096785,122.67447213497758,122.67447213497758,122.67449538096785,122.67451862695813,122.67451862695813,122.67451862695813,122.67450700396299,122.67450700396299,122.67450700396299,122.67450700396299,122.67450700396299,122.67450700396299,122.67450700396299,122.67450700396299,122.67450700396299,122.67450700396299,122.67450700396299,122.67450700396299,122.67450700396299
12,6,3,1,500,20,60,32267.081,140.935,179.63,-77.03812999239564,24.383930898092686,115.86325750806927,168.78366096577048,207.43294418799877,201.7795193527937,192.6980548235178,148.4884934491217,101.2166796606481,70.1792494624257,57.37335886305571,67.59049462428689,87.23745932507515,113.77138571208715,137.26008737289905,150.14231780433653,150.96105320486427,140.61062493538856,125.32912935554981,110.00223435670136,99.23359909915924,95.65682574780286,99.01641181200742,107.31097632443904,116.99616246718168,124.94833678883313,129.0738026831746,128.754088955909,124.87005591657757,119.16875596439837,113.71420057600736,110.11702305668592,109.14747929424047,110.65472605776786,113.75320734769106,117.23818809494375,119.98400446638465,121.28337396186589,120.98947490680217,119.4624690515399,117.37709450984,115.46025339764356,114.2648167246878,114.03052038869261,114.66442692053317,115.82630800652504,117.07346700784564,118.01310480380057,118.41270337665081,118.24310063159466,117.65283844649791,116.89265969547628,116.22222208991646,115.82956244516372,115.78637139523029,116.04621507453918,116.4785440016985,116.92283299085497,117.24224452024698,117.36118262949586
13,6,4,1,500,20,60,32356.282,140.523,179.879,-82.64789885786175,19.80520451522246,113.08994113013148,167.2364078529775,207.14413600480555,201.76494411689043,193.639900988549,148.27098071810602,99.07617725300788,66.55222990308701,52.9597298617512,63.48649640196562,83.84793823689222,111.71216290944814,136.61158235916494,150.37155813744664,151.30835992258787,140.27905575308202,123.94470278164744,107.49831576007604,95.89783436349033,92.04296341896057,95.71256382098794,104.76769064328074,115.34682458809017,124.03215419706702,128.51882791131735,128.11087240496278,123.76763807371258,117.41747279495,111.35563915657997,107.380121522516,106.35269524428249,108.1031996730566,111.63309167352318,115.58087684118748,118.67140800243615,120.10382592326403,119.71605955946445,117.92593234026431,115.51189436504244,113.31137081050872,111.95991867381333,111.72933007326722,112.50480468589068,113.88414038792251,115.34708029398321,116.43416740626097,116.8761899113655,116.64488068512081,115.92189551854133,115.00865354454517,114.21489596056938,113.76274982669949,113.73362260088324,114.06657491961121,114.60037259432673,115.13920302593708,115.51804292947054,115.64786016216874
14,6,5,1,500,20,60,32114.007,141.551,179.204,-76.2834605410695,25.937565035216508,117.95881379351019,171.52814069277048,211.21911160826681,206.45896044141054,197.7915069989562,153.10050954294204,104.7777561570704,72.43080958861113,58.32673503926396,67.71451198241114,87.21094727316499,114.39970158326625,139.07953940883277,153.27073992973564,155.12895465445519,145.23100958570836,129.73397718402742,113.61738102650642,101.7742812294066,97.19998175480961,99.93584884241223,108.14245052763819,118.246831613034,126.95063016128539,131.89703982523082,132.20726918846367,128.5896468206942,122.74748779043554,116.83378922510147,112.63495898544788,111.12129632860422,112.3019717977345,115.36572357818484,119.08414055979252,122.2278120548129,123.94799208927154,123.96654238951206,122.56165934416651,120.39469137659668,118.2430541396141,116.75082428580522,116.25618448171019,116.74086337897181,117.89565443792938,119.2613679896593,120.39254112249613,120.98855669018626,120.95982464620471,120.4194251102507,119.61524169963597,118.83301412683724,118.30406324109434,118.14493281465768,118.34164038437605,118.77556166186928,119.27667547425627,119.68321297520399,119.88883538219332
15,6,6,1,500,20,60,32272.977,142.365,179.647,-67.69378818207979,33.59262944939732,123.60961183181405,174.30220094239712,210.25733200657368,203.15947107356786,191.8308515332639,148.62608646556734,103.76062785252928,75.32588846361637,64.52220987573266,75.26508276455104,94.56234059911966,119.45777336150407,140.81584053754807,151.9185671673417,151.8583368065357,141.8118731059134,127.6428027677536,113.88183903488516,104.57291249075531,101.87264663726091,105.30731143856048,112.91595651590823,121.49209970855712,128.30602249333262,131.62876947444676,131.05914972871543,127.48940247792005,122.50455556905268,117.88718127447366,114.96901913112401,114.32667430481314,115.7510491130054,118.43603072789311,121.34818378275632,123.56273629242182,124.53324476346373,124.1886113346219,122.86775092113018,121.14625748822093,119.61650860610604,118.70777635422348,118.58439826083183,119.14326673606037,120.09327224367857,121.07653114038705,121.78934618622064,122.06411379128694,121.89592905163765,121.4148997748494,120.82268492656945,120.3185375124514,120.03944615319371,120.02971770626306,120.244138720572,120.57771868103742,120.90804420286416,121.13569218564032,121.21002123954892
16,8,3,1,500,20,60,21903.577,112.12,147.999,-75.41815179902315,-208.82163640111685,-113.02744428527355,116.17620665216445,269.43423102521893,332.01773693490026,327.02754344826934,263.7749482004642,207.78142482823134,162.36553603443502,75.16166716530918,-23.058557856738567,-72.7963760316968,-56.06537672817707,15.52277152441442,109.69994349914789,184.84077063417433,227.06311366081238,245.6785724120736,240.064642514348,205.23543098920584,145.81910989370942,77.25069132748246,22.174611641988157,-0.23189037600159645,12.999936503201722,50.762379384890195,99.50886649301648,147.75645396932958,185.99931592056154,206.40426262629032,203.54056583815813,177.4615867268443,136.1272289057672,92.68956226149201,59.5425875031799,44.2370032659173,48.43656575426459,69.06012937554716,100.0690948586762,133.65172853225468,161.3349715475142,176.02499615076184,174.35699174147842,157.80793880385158,131.95520129290222,104.3464035615027,82.1096147070229,70.28274061113596,71.0192665670514,83.37347595235705,103.58954898709058,126.03757415521144,144.7341381665468,155.0307868375182,154.85216464823483,145.0432865912318,128.83925064128636,110.80157097834348,95.59639198458194
17,8,4,1,500,20,60,22911.653,115.076,151.366,-68.19973134894668,-200.4625642656684,-107.0925337538123,116.2538715056777,263.36430778223274,322.80151539999247,317.14909014236923,255.55749063777924,202.2553647737503,162.03722129076718,81.1477304983735,-11.387170378312469,-58.622615814998746,-44.02517999102175,21.947707530900836,108.93071043491364,177.4813225725889,215.00848697519302,231.8496490266323,227.8815119944811,198.0856152679324,146.0158290864229,84.92265848234295,35.20991110789776,14.513093559756875,25.52036053048074,57.92549762409925,99.66933356389403,141.0010297190845,174.12376472103594,192.57754760992526,191.49637660217283,170.4564540490508,135.97945414558052,99.29098182615637,70.98699532105029,57.44329442480206,59.99525086033344,76.08072063687443,100.887586176306,128.24080586761235,151.30605856955052,164.18059457820652,163.902526042521,151.46801338380575,131.26824741125105,109.32171961435675,91.29698796799778,81.20317218518257,80.83214293438196,89.617174595654,104.81203236973285,122.14883380284905,136.98343684262036,145.6243666101694,146.33348554354905,139.6166263911724,127.81665952903032,114.30504391086102,102.57569836717843
18,8,5,1,500,20,60,22063.879,112.292,148.539,-77.99542311796546,-209.99985941827296,-113.34492639747262,115.38671470740437,267.51053234589097,328.7758046389818,323.94096410536764,262.54198087620733,208.58064521992205,163.23518015366793,75.4937651938945,-22.98809926021099,-72.53292922389507,-55.58700911727547,15.235224436193704,107.7093661057949,181.4223199110925,223.55952449834345,243.10382328307628,238.6860158150196,204.7480090650916,145.8833269418478,77.88381911864876,23.38125869375467,1.0661134175509215,13.540707975000142,49.94510267025232,97.34614091867208,144.80775821775197,182.96627209326624,203.77146825957297,201.57620992183683,176.36967607158422,136.04541464298964,93.51740427871049,60.84159668581187,45.3455842019543,48.758179841235275,68.31099246990681,98.31528949928283,131.1900246539712,158.56669954946636,173.39079540163277,172.28530908805132,156.62124262323974,131.74788192862272,104.9211258020997,83.03830945305526,71.06160913833976,71.2279225757718,82.77188715849816,102.14670523962378,123.91924842229486,142.26601839494705,152.628918138206,152.91633156198262,143.84105046612024,128.42835451716184,111.02305877369642,96.13472262740135
19,8,6,1,500,20,60,21404.723,111.023,146.304,-74.70042022624611,-204.63891563272475,-109.874253557235,115.54168410158157,267.18508848202225,331.47485007798673,331.27242399466036,272.9169917804003,217.75123487591742,168.9359338250756,78.51227446576952,-21.609437691897153,-73.12311004802584,-58.799651465445756,9.958001084625721,102.9508537812531,180.69766103321314,228.61125012123583,252.8685804505348,250.62008879506587,216.43318722724914,155.60333557802437,84.39130163660646,25.59524167665839,-1.5014236429631709,7.204385683447122,42.46302038696408,91.89868718031049,143.78109905719757,187.19223040357232,212.59597161233424,213.39251871514318,189.06774014505743,147.27369286626578,101.09055854040383,63.39987021920085,42.92842835828662,42.88526055434346,61.46774486839771,93.11774177938699,129.6505008329451,161.68202255934477,181.00942463180422,183.16686174336076,168.69625604233144,142.61248825702071,112.494065038383,86.16578430435061,69.82817689427733,66.87075227335094,77.2785981388092,97.70655837491154,122.37879476165772,144.69129580646754,159.0512622167766,162.32960935646295,154.47632347744704,138.24385768139362,118.26240642651915,99.78121651509404
20,10,3,1,500,20,60,21082.54,107.45,145.198,-91.8959034729749,-170.88534256964923,-155.39056502902508,29.4756890219897,240.78350151765346,351.6919343132973,370.2786842665672,320.71888388514515,244.44300153690577,171.47699951416254,93.56953341190517,2.8851586486548184,-77.7403274321705,-104.39674275344609,-58.875567058190704,39.24253251707554,150.49147257828713,237.2179617910981,281.79928466498853,285.77248932301995,256.48523810970784,199.37718573367596,122.1933382512331,41.43744797645509,-20.090689974680544,-43.12893083591759,-21.603771481767296,34.91135704328119,107.29328612583875,175.78534161400793,225.53615429753063,247.5955530002117,238.40513451451062,200.2851276218891,142.32610927981136,79.4395744523853,28.396796121284364,2.313051581963897,6.529351183310151,37.807319265916945,86.47358446159959,139.7662375845909,184.93593971836566,211.70841645759344,214.27721461308002,192.7062141661048,153.1239182551503,106.19272796219587,64.11091275827586,37.20049431274831,31.30019706080854,46.673235350355505,78.4348130146712,118.08105283337831,155.6387624672055,182.0274246609807,191.20610392159222,181.6074626006484,156.4253602861762,122.6310834941268
21,10,4,1,500,20,60,21721.409,109.338,147.382,-85.98195501324534,-165.43777260133623,-152.3993988532126,27.55858639240265,235.62530925929545,348.0214854326248,369.9129783475399,323.130143964529,248.417112788558,175.69988935375213,98.76908609846234,9.184397774219512,-71.54987954109907,-100.90590401664376,-60.01749727302789,34.02159351946413,143.59522411894798,231.51453483080863,279.14031531322,286.61197176986934,260.57509114694597,206.26390333700178,131.09719179180263,50.776727972388265,-12.601721066772937,-39.60794786122441,-22.977347989708186,29.38667431372404,99.63971817228197,168.429299089998,220.55955971521138,246.38557596033812,241.554106095314,207.49001309412716,152.2964074932933,90.03368462643027,37.138648355618116,7.15960228317976,6.533343682140112,33.370008412018414,79.13804490101337,131.7275068181455,178.48463113591075,208.72797830629347,215.83139503097533,198.76139945125578,162.50125774866342,116.82973279979825,73.60310487824678,43.45972127754986,33.10911285164952,43.97150499947369,72.28844533266127,110.38303854641318,148.63518727076053,177.77307137355209,191.06128140217064,185.89359315678476,164.33987610358,132.45760525774955
22,10,5,1,500,20,60,20898.389,106.966,144.563,-90.20694861495494,-168.22342097711564,-155.62546576076744,27.95498864158988,240.1648792244196,351.4843243741393,369.4287411240935,317.7701765105724,239.5480236264467,166.5299273394942,91.24917096599935,4.2776922616660595,-74.14799089032411,-100.47908438917995,-55.57895438164472,41.82736168860644,152.30787938949464,237.48617402690647,279.4262874855995,280.4811672783494,249.57676225948333,193.1421113527715,118.54743713629246,41.074848302878436,-17.621227747142314,-38.78437729471922,-16.364177576959133,40.03176875594258,111.06528511503339,176.920908239007,223.26778732037542,242.21501284486055,231.28100561249255,193.32151228272915,137.2376898612678,77.27093277351558,29.418579435378312,6.126085555493831,12.175703425973653,43.87648410847038,91.33544264741242,141.99033257326482,183.76085490989684,207.32068930095434,207.74788086426258,185.63280801486968,147.16409964510797,102.66180151516198,63.71544616019725,39.90460156613588,36.323347550153734,52.64606590345502,83.72444391354918,121.2216791036725,155.73418725728988,178.98602390018104,185.73877486154436,175.01200563248992,150.24239179247618,118.26610253897309
23,10,6,1,500,20,60,21371.576,108.431,146.19,-84.3787546133548,-159.21157818871737,-148.5975985044837,29.98112658856809,236.18642097258567,343.7611230567098,362.2686971670985,313.937540355742,238.30787329119443,166.99026768493653,94.0793993396312,10.666097194433211,-64.41988683803379,-89.84527006374299,-47.89705537743866,43.56463043166697,147.97239759600163,229.42023382884264,270.5612431257963,273.016903046608,244.8720527794361,192.2189549639225,122.21857177367806,49.35943156823516,-6.2349872084408995,-27.257835581704974,-7.964674852922559,43.12775400765985,108.4975214061141,169.9375803000927,214.00807253766058,233.0626712912321,224.5004059547782,190.77405394631623,139.94990415376424,84.96592508174479,40.38133614622056,17.638784281298516,21.38255101530254,48.664286380760366,90.86135229872167,136.75589346680044,175.36396154826878,198.05151340019702,200.09767195630073,181.732014616549,148.22873113077878,108.62396797022222,73.2108113578409,50.65688326951861,45.790434000626206,58.698798736631865,85.15848905369639,118.0029695520401,148.96518734872342,170.6224769116044,178.11112618714571,170.24445061773062,149.70898929959534,122.23881903120875
24,12,3,1,500,20,60,13576.64,82.348,116.519,-34.450505286052824,-61.24242148464918,-53.27313230265677,-25.31268666484952,191.65811057952047,542.3376936392784,502.7575828514099,274.4853522523641,147.95013956031204,67.34758564889431,10.290564033016562,-10.9028576053977,-42.51694527290761,-67.58846060013771,-60.64004813861847,18.58332698120177,231.85969129443168,431.63312817835805,415.69772289204593,283.41032477509975,160.3947409788072,68.82732659442722,17.548049369752405,-11.016199242487549,-41.57676700767875,-62.07362835896015,-42.42007341992855,57.92331250101328,234.01640778028963,367.4418365972042,366.42580085420605,275.9523602067232,166.87693185934424,79.48681611612439,26.490729525581003,-7.888951039597392,-37.444152971327306,-50.7055719961524,-18.433279925465584,83.22883940085768,225.84792951911686,325.8540626131296,331.4133411877155,263.46889149248597,170.04321007990836,89.56200604923069,34.824951697424055,-3.2298734384626147,-30.979931241273878,-36.53205005085468,3.5577900945469736,98.54185654351114,215.85494321912526,295.87652171856166,303.7678845296502,250.3653127416372,170.83522421461342,97.25719013687967,42.15566190353036,2.4923537164628504
25,12,4,1,500,20,60,14238.352,87.177,119.325,-38.571054653450844,-63.70639765848219,-53.260347008004786,-19.811964739769696,200.32336727589367,553.9389770225287,513.5450241150855,280.5861461704373,148.67535634195804,65.00297182363272,6.606028082236647,-17.291826253429054,-51.575419517800206,-74.48660941918195,-61.57690222723782,26.38281582722068,246.99910738170146,451.14330184936523,433.16150554704666,293.3303419116139,161.8433962238431,64.29881009767949,8.988172558799386,-23.427291565999386,-55.5825865676254,-72.56227147512138,-44.18944778130948,67.82165856309234,254.22928449136018,392.75816125953196,388.7402545621991,288.9646519537568,169.12411011636257,72.97338843615353,13.457193849183618,-25.498962596431372,-55.8047949886769,-63.912973151072855,-20.574415786340833,95.19643309888244,250.03747454077003,355.53740225476025,357.4923900370002,279.05841968947647,172.986524384737,81.29340730793774,17.99411667716503,-25.21833700181544,-52.952349259838456,-51.73009833709895,1.4469815337359904,112.41515652438997,243.13962210810183,328.8789703438282,332.79738420277835,268.03368335705994,174.29448327362536,87.4691521101594,22.17628244753927,-23.0973496030122
26,12,5,1,500,20,60,13915.198,85.25,117.963,-40.83776244805008,-64.8928555676937,-57.41635232207179,-25.759599545158444,190.9110193210244,543.8429644936323,505.42055051350593,273.8307219201922,140.97412248533965,59.02238292127847,5.821019707851112,-14.293886777199804,-47.90512464181334,-71.81945166733861,-63.87169408383965,18.58182470908016,233.91789127349853,436.6775080683231,420.3104247425794,281.3510322344899,150.26412679338455,56.92672202888131,9.288972767226397,-16.777221049435436,-46.446403882987795,-65.77158886912464,-44.340561246849596,59.40205968046188,239.13096731489895,375.2463058966398,371.68941367846725,272.70036239701506,155.09078473842143,65.35754291331767,15.300502082638442,-15.485964404560624,-42.46013497842103,-53.78080729579926,-18.97777947295457,86.65321785145997,233.54381679797172,335.3366367046237,336.66461039113995,259.32875737828016,157.23896994584797,73.85255759990216,21.505310184203086,-12.365945704646409,-36.45077335160225,-39.07612900143116,4.418798328392207,103.94865304487944,225.51618599188328,306.2451864674091,308.7217677794695,245.55462479192016,157.34496003851294,80.44387678179145,27.309183068476617,-7.932063634313643
27,12,6,1,500,20,60,14014.578,83.994,118.383,-37.80827235151827,-60.11194573152065,-53.312342476755376,-26.095135074555873,197.0616061502695,547.9743813614845,503.02086693727966,272.04438379740714,142.83179092928768,63.80671572951972,11.467191794089972,-9.957757001727819,-44.06204813160002,-67.65155021774768,-62.02937961646914,20.182393953446297,239.8669121210575,438.60036989200114,416.5572666285038,278.49516934508085,152.24984577476977,63.890569827944034,17.869775328051297,-10.07235392229259,-41.94801709538698,-63.08633992534875,-43.38056868065893,61.880698262661696,243.16140360099075,374.93652983021735,367.1732524255514,269.46663593566416,157.46229417443274,73.632313465029,25.621405038714407,-7.189743615321815,-37.546476009026165,-51.80989601022005,-18.062262297660112,88.92249723373354,235.5468772881031,333.35475331163406,331.68982899606226,256.23690119558574,160.2134571236372,82.9985994901657,32.88945567803085,-3.072146488688886,-31.17098422385752,-37.12124292039871,5.429353829182684,105.47456633859872,225.76010616785288,303.0160859581232,303.5339833754897,242.90230379337072,160.97117179968953,90.17920452556014,39.29381607737392,1.9470434650629758
